okp_code,section,code,display_name,base_price
B01.063.001.ZZZ.(03),"Прием (осмотр, консультация) для амбулаторных пациентов",202202,"Прием (осмотр, консультация) врача-ортодонта первичный (амбулаторно)",3000
B01.063.002.ZZZ.(04),"Прием (осмотр, консультация) для амбулаторных пациентов",202203,"Прием (осмотр, консультация) врача-ортодонта повторный (амбулаторно)",500
B01.065.001.ZZZ.(03),"Прием (осмотр, консультация) для амбулаторных пациентов",202204,"Прием (осмотр, консультация) врача-стоматолога-терапевта первичный (амбулаторно)",1500
B01.065.002.ZZZ.(04),"Прием (осмотр, консультация) для амбулаторных пациентов",202205,"Прием (осмотр, консультация) врача-стоматолога-терапевта повторный (амбулаторно)",500
B01.066.001.ZZZ.(03),"Прием (осмотр, консультация) для амбулаторных пациентов",202206,"Прием (осмотр, консультация) врача-стоматолога-ортопеда первичный (амбулаторно)",1500
B01.066.002.ZZZ.(04),"Прием (осмотр, консультация) для амбулаторных пациентов",202207,"Прием (осмотр, консультация) врача-стоматолога-ортопеда повторный (амбулаторно)",500
B01.067.001.ZZZ.(03),"Прием (осмотр, консультация) для амбулаторных пациентов",202208,"Прием (осмотр, консультация) врача-стоматолога-хирурга первичный (амбулаторно)",1500
B01.067.002.ZZZ.(04),"Прием (осмотр, консультация) для амбулаторных пациентов",202209,"Прием (осмотр, консультация) врача-стоматолога-хирурга повторный (амбулаторно)",500
B04.065.002.ZZZ.(01),"Прием (осмотр, консультация) для амбулаторных пациентов",202210,"Профилактический прием (осмотр, консультация) врача-стоматолога-терапевта (амбулаторно)",1500
B01.064.003.ZZZ.(03),"Прием (осмотр, консультация) для амбулаторных пациентов",202255,"Прием (осмотр, консультация) врача-стоматолога детского первичный (амбулаторно)",2000
B01.064.004.ZZZ.(04),"Прием (осмотр, консультация) для амбулаторных пациентов",202256,"Прием (осмотр, консультация) врача-стоматолога детского повторный (амбулаторно)",1000
B01.064.033.ZZZ.(03),"Прием (осмотр, консультация) для амбулаторных пациентов",202257,"Прием (осмотр, консультация) врача-стоматолога хирурга детского первичный (амбулаторно)",2000
B01.064.044.ZZZ.(04),"Прием (осмотр, консультация) для амбулаторных пациентов",202258,"Прием (осмотр, консультация) врача-стоматолога хирурга детского повторный (амбулаторно)",1000
B01.063.001.ZZZ.(01),"Прием (осмотр, консультация) для амбулаторных пациентов",101477,"Прием (осмотр, консультация) врача-ортодонта первичный",1500
B01.063.002.ZZZ.(02),"Прием (осмотр, консультация) для амбулаторных пациентов",101478,"Прием (осмотр, консультация) врача-ортодонта повторный",500
B01.065.001.ZZZ.(01),"Прием (осмотр, консультация) для амбулаторных пациентов",101479,"Прием (осмотр, консультация) врача-стоматолога-терапевта первичный",1500
B01.065.001.ZZZ.(04),"Прием (осмотр, консультация) для амбулаторных пациентов",1014791,"Прием (осмотр, консультация) врача-стоматолога первичный, ознакомительный",500
B01.065.002.ZZZ.(02),"Прием (осмотр, консультация) для амбулаторных пациентов",101480,"Прием (осмотр, консультация) врача-стоматолога-терапевта повторный",500
B01.066.001.ZZZ.(01),"Прием (осмотр, консультация) для амбулаторных пациентов",101481,"Прием (осмотр, консультация) врача-стоматолога-ортопеда первичный",1500
B01.066.002.ZZZ.(02),"Прием (осмотр, консультация) для амбулаторных пациентов",101482,"Прием (осмотр, консультация) врача-стоматолога-ортопеда повторный",500
B01.067.001.ZZZ.(01),"Прием (осмотр, консультация) для амбулаторных пациентов",101483,"Прием (осмотр, консультация) врача-стоматолога-хирурга первичный",1500
B01.067.002.ZZZ.(02),"Прием (осмотр, консультация) для амбулаторных пациентов",101484,"Прием (осмотр, консультация) врача-стоматолога-хирурга повторный",500
B01.068.001.ZZZ,"Прием (осмотр, консультация) для амбулаторных пациентов",101485,"Прием (осмотр, консультация) врача - челюстно-лицевого хирурга первичный",4200
B01.064.003.ZZZ.(01),"Прием (осмотр, консультация) для амбулаторных пациентов",101642,"Прием (осмотр, консультация) врача-стоматолога детского первичный",1500
B01.064.004.ZZZ.(02),"Прием (осмотр, консультация) для амбулаторных пациентов",101643,"Прием (осмотр, консультация) врача-стоматолога детского повторный",1000
B01.064.033.ZZZ.(01),"Прием (осмотр, консультация) для амбулаторных пациентов",101644,"Прием (осмотр, консультация) врача-стоматолога хирурга детского первичный",1500
B01.064.044.ZZZ.(02),"Прием (осмотр, консультация) для амбулаторных пациентов",101645,"Прием (осмотр, консультация) врача-стоматолога хирурга детского повторный",1000
B04.065.002.ZZZ,"Прием (осмотр, консультация) для амбулаторных пациентов",101715,"Профилактический прием (осмотр, консультация) врача-стоматолога-терапевта",1200
A06.07.013.ZZZ,Рентгенологическое исследование,800000,Компьютерная томография челюстно-лицевой области,4900
A06.07.008.ZZZ,Рентгенологическое исследование,800001,Телерентгенограмма в боковой проекции,1700
A06.07.012.ZZZ.(001),Рентгенологическое исследование,800002,Радиовизиография,500
A06.07.014.ZZZ.(009),Рентгенологическое исследование,800003,Рентгенография зуба,500
A06.07.004.ZZZ.(010),Рентгенологическое исследование,800004,Ортопантомография,1700
A02.07.004.ZZZ.(008),Рентгенологическое исследование,800005,Антропометрические исследования: расчёт боковой телерентгенограммы,3800
А06.30.002,Рентгенологическое исследование,800006,Описание и интерпретация рентгенографических изображений,4900
A02.07.010.ZZZ.(003),Снятие оттисков,800100,Снятие оттиска с одной челюсти силиконовым материалом (А - силикон),3000
A02.07.010.ZZZ.(005),Снятие оттисков,800101,Снятие оттиска с одной челюсти силиконовым материалом (С - силикон),2000
A02.07.010.ZZZ.(007),Снятие оттисков,800102,Снятие оттиска с одной челюсти полиэфирным слепочным материалом,4500
A02.07.010.ZZZ.(008),Снятие оттисков,800103,Снятие оттиска с одной челюсти альгинатной массой,1500
A02.07.010.ZZZ.(020),Снятие оттисков,800104,Снятие оттиска с одной челюсти силиконовым материалом (силиконовый ключ),1500
А02.07.010.009,Снятие оттисков,800105,Снятие оттиска с одной челюсти: изготовление индивидуальной ложки,3000
А02.07.010.033,Снятие оттисков,800106,Снятие оттиска с одной челюсти с использованием индивидуальной ложки с имплантатов открытым методом,5400
А02.07.010.012,Снятие оттисков,800107,Снятие оттиска с одной челюсти с использованием внутриротового оптического цифрового сканера,5400
B01.003.004.002,Анестезия,800200,Проводниковая анестезия,1300
B01.003.004.004,Анестезия,800201,Аппликационная анестезия,500
B01.003.004.005,Анестезия,800202,Инфильтрационная анестезия,1000
A15.07.002.ZZZ.(001),Изоляция,800300,Изоляция системой ОптраГейт для улучшенной визуализации полости рта,1500
А16.07.082.100.(001),Изоляция,800301,Изоляция системой Коффердам (Раббердам) при сошлифовывании твердых тканей зуба,1700
А16.07.002.100,Изоляция,800302,Изоляция системой Коффердам (Раббердам) при восстановлении зуба пломбой,1700
А16.07.008.100,Изоляция,800303,Изоляция системой Коффердам (Раббердам) при лечении корневого канала зуба,2200
A16.07.003.100,Изоляция,800304,"Изоляция системой Коффердам (Раббердам) при восстановлении зуба вкладками, виниром, полукоронкой, коронкой",3300
A12.07.003.ZZZ,Неинвазивные,800400,Определение индексов гигиены полости рта,1700
A12.07.004.ZZZ,Неинвазивные,800401,Определение пародонтальных индексов,1700
A05.07.001.ZZZ.(002),Неинвазивные,800402,Электроодонтодиагностика (ЭОД) в области 1-го зуба,1000
A11.07.012.ZZZ.(034),Неинвазивные,800403,Глубокое фторирование эмали зуба при гиперчувствительности,1000
A16.07.025.ZZZ.(026),Инвазивные,800500,Избирательное пришлифовывание твердых тканей зуба (диагностическое препарирование),2800
A16.07.092.ZZZ,Инвазивные,800501,"Трепанация зуба, искусственной коронки",1500
A16.07.094.ZZZ.(001),Инвазивные,800502,"Удаление внутриканального штифта / вкладки (извлечение анкерного штифта, фиксированного инородного тела, отломков инструментов)",2500
A16.07.002.ZZZ.(017),Инвазивные,800503,Наложение временной пломбы (Септопак),1100
A16.07.002.ZZZ.(020),Инвазивные,800504,Наложение временной пломбы светового отверждения,1500
A16.07.053.ZZZ,Инвазивные,800505,Снятие несъемной ортопедической конструкции,1200
A16.07.094.(003),Инвазивные,800506,Удаление внутриканального штифта / вкладки в процессе ортопедического лечения,4900
A23.07.002.ZZZ.(080),Инвазивные,800507,Услуги по изготовлению ортопедической конструкции стоматологической: временная фиксация несъемной конструкции,1100
А02.07.004.002,Функциональная диагностика и планирование,800600,Антропометрические исследования (медицинское фотографирование),1200
А02.07.010.102,Анализ моделей,800700,Исследование на диагностических моделях челюстей. Модель напечатанная на 3D принтере,3800
A02.07.010.ZZZ.(015),Анализ моделей,800701,Исследование на диагностических моделях челюстей. Гипсовая модель,1500
A23.07.002.101,Анализ моделей,800702,Загипсовка моделей в артикулятор,1100
A02.07.010.ZZZ,Анализ моделей,800703,Исследование на диагностических моделях челюстей в ортодонтии,2200
A02.07.004.ZZZ.(001),Анализ моделей,800704,Антропометрические исследования моделей челюстей (1 челюсть),2800
A23.07.002.ZZZ.(076),Анализ моделей,800705,Изготовление контрольной модели: гипсовка модели в артикуляторе с применением лицевой дуги,5400
А02.07.010.101,Анализ моделей,800706,Анализ моделей в артикуляторе,8100
A23.07.002.100,Анализ моделей,800707,Загипсовка моделей в артикулятор с помощью лицевой дуги,2500
A02.07.015.ZZZ,Анализ и коррекция прикуса,800800,Кондилография височно-нижнечелюстного сустава,53500
A02.07.006.001,Анализ и коррекция прикуса,800801,Определение вида смыкания зубных рядов с помощью лицевой дуги (малый функциональный анализ),26800
A02.07.006.ZZZ,Анализ и коррекция прикуса,800802,Определение прикуса,2000
A02.07.006.ZZZ.(002),Анализ и коррекция прикуса,800803,Определение конструктивного прикуса при помощи воскового шаблона с прикусными валиками,3500
A02.07.076.ZZZ.(002),Анализ и коррекция прикуса,800804,Определение конструктивного прикуса при помощи воскового шаблона с винтовой фиксацией на дентальных имплантатах,7500
A02.07.010.ZZZ.(010),Анализ и коррекция прикуса,800805,"Исследование на диагностических моделях челюстей с восковой моделировкой (Wax-Up) будущей ортопедической конструкции с целью планирования препарирования, эстетики и функции (1 единица)",2500
A02.07.010.100,Анализ и коррекция прикуса,800806,"Определение прикуса при помощи примерки в полости рта результата воскового моделирования (Mock-Up) из временного композитного материала, планирования эстетики и функции (1 единица)",1500
A16.07.021.100,Анализ и коррекция прикуса,800807,Коррекция прикуса с использованием съемных и несъемных ортопедических конструкций: изготовление межокклюзионной разобщающей сплинт-шины,26800
A02.07.006.ZZZ.(003),Анализ и коррекция прикуса,800808,Определение вида смыкания зубных рядов с помощью окклюзионной шины,9700
A23.07.002.ZZZ.(084),Анализ и коррекция прикуса,800809,Услуги по изготовлению ортопедической конструкции стоматологической: изготовление каппы при бруксизме,7000
A23.07.002.043,Анализ и коррекция прикуса,800810,Изготовление боксерской шины,18800
A16.07.054.ZZZ.(008),Хирургическое планирование,800900,Исследование на диагностических моделях челюстей: изготовление хирургического шаблона для позиционирования имплантатов (до трех единиц),17800
A02.07.010.ZZZ.(023),Хирургическое планирование,800901,Исследование на диагностических моделях челюстей: позиционирование дополнительного имплантата в хирургическом шаблоне для имплантации,2100
A02.07.001.ZZZ.(044),Использование операционного микроскопа,801000,Осмотр полости рта с помощью дополнительных инструментов (Использование операционного микроскопа),6500
А16.07.082.100,Использование операционного микроскопа,801001,Сошлифовывание твердых тканей зуба с использованием операционного микроскопа,12900
А16.07.030.100,Использование операционного микроскопа,801002,Инструментальная и медикаментозная обработка корневого канала с использованием операционного микроскопа,4300
А16.07.020.100,Использование операционного микроскопа,801003,Удаление наддесневых и поддесневых зубных отложений с использованием операционного микроскопа,6500
А16.07.097.100,Использование операционного микроскопа,801004,Наложение шва на слизистую оболочку рта с использованием операционного микроскопа,1300
A16.07.050.ZZZ.(001),Профессиональная гигиена и стоматологическое СПА,802000,Профессиональное отбеливание зубов,37500
A16.07.051.112,Профессиональная гигиена и стоматологическое СПА,802001,Профессиональная гигиена полости рта и зубов по технологии GBT,20600
A16.07.051.ZZZ,Профессиональная гигиена и стоматологическое СПА,802002,Профессиональная гигиена полости рта и зубов,10600
A14.07.008.ZZZ,Профессиональная гигиена и стоматологическое СПА,802003,"Обучение гигиене полости рта и зубов индивидуальное, подбор средств и предметов гигиены полости рта.",1300
A16.07.025.ZZZ.(004),Профессиональная гигиена и стоматологическое СПА,802004,Избирательное пришлифовывание твердых тканей зуба и полировка пастами (2 челюсти),2700
A16.07.051.ZZZ.(001),Профилактическая стоматология и пародонтология,803000,Профессиональная гигиена полости рта и зубов (диагностическая гигиена полости рта и зубов),6400
A22.07.002.ZZZ.(002),Профилактическая стоматология и пародонтология,803001,Ультразвуковое удаление наддесневых и поддесневых зубных отложений аппаратом VECTOR в области 1-й челюсти,14000
A22.07.002.ZZZ.(001),Профилактическая стоматология и пародонтология,803002,Ультразвуковое удаление наддесневых и поддесневых зубных отложений аппаратом VECTOR в области 1-го зуба,1300
A11.07.010.ZZZ,Профилактическая стоматология и пародонтология,803003,Введение лекарственных препаратов в пародонтальный карман,900
A15.07.003.ZZZ.(002),Профилактическая стоматология и пародонтология,803004,Наложение лечебной повязки при заболеваниях слизистой оболочки полости рта и пародонта в области одной челюсти при пародонтологическом лечении,900
A16.07.019.ZZZ.(002),Профилактическая стоматология и пародонтология,803005,"Временное шинирование при заболеваниях пародонта в области 1го зуба материалом светового отверждения с использованием каркасной ленты Риббонт, Фибер-Сплинт, Гласспан",4400
A11.07.012.ZZZ,Профилактическая стоматология и пародонтология,803006,Глубокое фторирование эмали зуба,800
A11.07.024.ZZZ,Профилактическая стоматология и пародонтология,803007,Местное применение реминерализующих препаратов в области зуба,1200
A16.07.020.ZZZ,Профилактическая стоматология и пародонтология,803008,Удаление наддесневых и поддесневых зубных отложений,800
A11.07.022.ZZZ,Профилактическая стоматология и пародонтология,803009,Аппликация лекарственного препарата на слизистую оболочку полости рта,1000
A15.07.003.ZZZ.(001),Профилактическая стоматология и пародонтология,803010,"Наложение лечебной повязки при заболеваниях слизистой оболочки полости рта и пародонта в области одной челюсти (Септопак, Диплен, Фармадонт)",1200
A11.07.012.100,Профилактическая стоматология и пародонтология,803011,"Фторирование твердых тканей зубов (фторлак, фторгель) 1 зуб",800
A11.07.027.ZZZ,Общие терапевтические манипуляции,804000,Наложение девитализирующей пасты,1300
A16.07.002.ZZZ.(013),Общие терапевтические манипуляции,804001,"Восстановление зуба пломбой при лечении некариозных поражений (эрозия, клиновидный дефект, гипоплазия)",9700
A16.07.057.ZZZ.(001),Общие терапевтические манипуляции,804002,Запечатывание фиссуры зуба герметиком профилактическое,4200
A16.07.002.ZZZ.(018),Общие терапевтические манипуляции,804003,"Наложение временной пломбы (наложение лечебной прокладки Dycal, Septocalcine)",1500
A16.07.002.ZZZ.(019),Общие терапевтические манипуляции,804004,"Наложение временной пломбы (наложение прокладки из стеклоиномерного цемента Фуджи VIII, Витребонд, Ионозит)",1500
A16.07.002.100,Общие терапевтические манипуляции,804005,"Восстановление зуба пломбой (изготовление временной реставрации прямым методом из композита светового отверждения, полировка)",2700
A16.07.002.011(01),Общие терапевтические манипуляции,804006,"Восстановление зуба пломбой с нарушением контактного пункта II, III класс по Блэку с использованием материалов из фотополимеров восстановление разрушенной стенки зуба для доступа к корневым каналам",3000
A16.07.025.ZZZ.(005),Общие терапевтические манипуляции,804007,"Избирательное пришлифовывание твердых тканей зуба (шлифовка, полировка пломбы)",1500
A16.07.002.010,Восстановление небольших дефектов,805000,"Восстановление зуба пломбой I, V, VI класс по Блэку с использованием материалов из фотополимеров",7500
A16.07.002.011,Восстановление небольших дефектов,805001,"Восстановление зуба пломбой с нарушением контактного пункта II, III класс по Блэку с использованием материалов из фотополимеров",8500
A16.07.002.012,Восстановление небольших дефектов,805002,Восстановление зуба пломбой IV класс по Блэку с использованием материалов из фотополимеров,9000
A16.07.002.ZZZ.(014),Эстетические реставрации и подготовка к протезированию,806000,Восстановление зуба пломбой (эстетическая реставрация жевательной группы),9000
A16.07.002.ZZZ.(015),Эстетические реставрации и подготовка к протезированию,806001,Восстановление зуба пломбой (эстетическая реставрация фронтальной группы),10000
A16.07.003.ZZZ.(001),Эстетические реставрации и подготовка к протезированию,806002,"Восстановление зуба вкладками, виниром, полукоронкой (художественная реставрация фронтальной группы зубов винирами из светоотверждаемого материала)",12000
A16.07.031.ZZZ.(001),Эстетические реставрации и подготовка к протезированию,806003,Восстановление зуба пломбировочными материалами с использованием титановых анкерных и стекловолоконных штифтов (build up),11000
A16.07.082.ZZZ.(003),Эндодонтическое лечение зуба,807000,"Распломбировка корневого канала ранее леченного пастой, гуттаперчевыми штифтами",1500
A16.07.082.ZZZ.(008),Эндодонтическое лечение зуба,807001,Распломбировка корневого канала ранее леченного фосфат-цементом / резорцин-формальдегидным методом,2000
A16.07.030.ZZZ.(004),Эндодонтическое лечение зуба,807002,"Инструментальная и медикаментозная обработка корневого канала с использованием машинных инструментов (Mtwo, Pro - Taper - инструменты)",2500
A22.07.004.ZZZ,Эндодонтическое лечение зуба,807003,Ультразвуковое расширение корневого канала зуба,700
A16.07.030.ZZZ,Эндодонтическое лечение зуба,807004,Инструментальная и медикаментозная обработка корневого канала,800
A16.07.030.100,Эндодонтическое лечение зуба,807005,Инструментальная и медикаментозная обработка корневого канала (диагностическая ревизия корневого канала),700
A16.07.030.003,Эндодонтическое лечение зуба,807006,"Временное пломбирование лекарственным препаратом корневого канала (Metapex, Metapaste, Calasept)",1300
A16.07.008.001,Эндодонтическое лечение зуба,807007,Пломбирование корневого канала зуба пастой,1500
A16.07.008.ZZZ.(005),Эндодонтическое лечение зуба,807008,Пломбирование корневого канала зуба пастой (методом латеральной конденсации),2000
A16.07.008.004,Эндодонтическое лечение зуба,807009,Пломбирование корневого канала зуба пастой (методом трехмерной конденсации),2500
A16.07.051.ZZZ.(002),Эндодонтическое лечение зуба,807010,Временное пломбирование лекарственным препаратом корневого канала: внутриканальное отбеливание,3500
A16.07.008.ZZZ,Эндодонтическое лечение зуба,807011,Закрытие перфорации стенки корневого канала зуба,4000
A16.07.024.ZZZ.(002),Удаление зубов,808000,"Операция удаления ретинированного, дистопированного или сверхкомплектного зуба с разъединением корней",23500
A16.07.024.ZZZ,Удаление зубов,808001,"Операция удаления ретенированного, дистопированного или сверхкомплектного зуба",14000
A16.07.024.ZZZ.(001),Удаление зубов,808002,Операция удаления дистопированного или сверхкомплектного зуба,8000
A16.07.001.ZZZ.(004),Удаление зубов,808003,Удаление зуба интраоперационное,8500
A16.07.001.ZZZ.(006),Удаление зубов,808004,Удаление постоянного зуба сложное с разъединением корней,7500
A16.07.001.ZZZ.(007),Удаление зубов,808005,Удаление постоянного зуба (многокорневого),4800
A16.07.001.ZZZ.(008),Удаление зубов,808006,Удаление постоянного зуба (однокорневого),3800
A16.07.001.ZZZ.(009),Удаление зубов,808007,Кюретаж лунки после удаления зуба,800
А16.07.013,Удаление зубов,808008,Отсроченный кюретаж лунки удаленного зуба,3000
A15.07.002.002.(01),Удаление зубов,808009,Наложение повязки при операциях в полости рта c использованием коллагенового материала,1200
A15.07.002.ZZZ.(003),Удаление зубов,808010,Наложение повязки при операциях в полости рта: перевязка или осмотр после операции (механическая и медикаментозная обработка послеоперационной раны),1200
A16.07.054.ZZZ.(006),Удаление зубов,808011,Внутрикостная дентальная имплантация: извлечение интегрированного имплантата,8500
A16.07.054.ZZZ.(007),Удаление зубов,808012,Внутрикостная дентальная имплантация: извлечение дезинтегрированного имплантата,3800
A16.07.001.ZZZ.(010),Острые состояния,808300,Удаление подвижной стенки зуба,1500
A16.07.012.ZZZ,Острые состояния,808301,Вскрытие и дренирование одонтогенного абсцесса,4500
A16.07.014.ZZZ,Острые состояния,808302,Вскрытие и дренирование абсцесса полости рта,3800
A16.07.058.ZZZ,Острые состояния,808303,"Лечение перикоронарита (промывание, рассечение и/или иссечение капюшона)",4500
A16.07.017.002,Острые состояния,808304,Коррекция объема и формы альвеолярного отростка,10500
A16.07.017.ZZZ.(003),Острые состояния,808305,Пластика альвеолярного отростка: удаление костного выступа в области 1го зуба,2500
A16.07.096.ZZZ,Острые состояния,808306,Пластика перфорации верхнечелюстной пазухи,15900
A16.07.096.ZZZ.(003),Острые состояния,808307,Пластика перфорации верхнечелюстной пазухи с закрытием ороантрального свища,28100
A16.07.016.002,Зубосохраняющие и прочие операции,808400,Резекция верхушки корня с ретроградной пломбировкой 1го канала,15700
A16.07.016.002.(01),Зубосохраняющие и прочие операции,808401,Цистэктомия с применением пьезохирургического аппарата Mectron,8600
A16.07.017.ZZZ.(005),Зубосохраняющие и прочие операции,808402,Пластика альвеолярного отростка: обнажение коронки ретенированного зуба,3600
A16.07.017.ZZZ.(006),Зубосохраняющие и прочие операции,808403,Пластика альвеолярного отростка: клиническое удлинение коронковой части в области 1го зуба с применением пьезохирургического аппарата,6500
A16.07.094.ZZZ.(002),Зубосохраняющие и прочие операции,808404,Микрохирургическая операция в области одного канала зуба с применением микроскопа (без стоимости работы и расходного материала),12700
A16.30.032.ZZZ.(01),Забор материала на исследование,808500,Иссечение новообразования мягких тканей,4800
А11.07.001.ZZZ,Забор материала на исследование,808501,Биопсия слизистых полости рта,5500
A16.30.032.001,Забор материала на исследование,808502,Широкое иссечение новообразования мягких тканей,8200
A16.07.016.ZZZ.(001),Забор материала на исследование,808503,Цистэктомия ретенционной кисты,10400
A16.22.012.ZZZ,Забор материала на исследование,808504,Удаление камней из протоков слюнных желез,12800
А11.07.001.234,Забор материала на исследование,808505,Соскоб слизистых полости рта,4500
A16.07.017.ZZZ.(008),Костнопластические операции,808600,Пластика альвеолярного отростка. Направленная костная регенерация альвеолярного отростка,34500
A16.07.055.ZZZ.(001),Костнопластические операции,808601,"Синус-лифтинг (костная пластика, остеопластика) открытый без стоимости костно-пластических материалов",38500
A16.07.055.ZZZ.(002),Костнопластические операции,808602,"Синус-лифтинг (костная пластика, остеопластика) закрытый без стоимости костно-пластических материалов",24000
A16.07.041.ZZZ.(004),Костнопластические операции,808603,Костная пластика челюстно-лицевой области: забор аутокостного блока из области косой линии нижней челюсти,20900
A16.07.041.ZZZ.(003),Костнопластические операции,808604,Костная пластика челюстно-лицевой области: забор аутокости из донорских участков полости рта,19200
A16.07.041.ZZZ.(010),Кость,808700,"Костная пластика челюстно-лицевой области с применением костно-пластического материала Geistlich Bio-Oss Spongiosa granulat, в гранулах размером 0,25-1 мм, 0.25 г.",21500
A16.07.041.ZZZ.(011),Кость,808701,"Костная пластика челюстно-лицевой области с применением костно-пластического материала Geistlich Bio-Oss Spongiosa granulat, в гранулах размером 0,25-1 мм, 0.5 г",24500
A16.07.041.ZZZ.(012),Кость,808702,"Костная пластика челюстно-лицевой области с применением костно-пластического материала Geistlich Bio-Oss Spongiosa granulat, в гранулах размером 0,25-1 мм, 1.0 г",43500
A16.07.041.ZZZ.(015),Кость,808703,"Костная пластика челюстно-лицевой области : применение костно-пластического материала Geistlich Bio-Oss Spongiosa granulat, в гранулах размером 1-2 мм, 1.0 г",43500
A16.07.041.ZZZ.(088),Кость,808704,"Костная пластика челюстно-лицевой области : применение материала для замещения костной ткани ""XenoGraft"" в гранулах размером 1,0-2,0 мм; флакон 0,5 г.",32500
A16.07.041.ZZZ.(085),Кость,808705,"Костная пластика челюстно-лицевой области : применение материала для замещения костной ткани ""XenoGraft"" в гранулах размером 0,2-1,0 мм; флакон 1,0 г.",61500
A16.07.041.ZZZ.(046),Мембраны,808800,"Костная пластика челюстно-лицевой области : применение биорезорбируемой коллагеновой мембраны ""Geistlich Bio-Gide Shape"" 14x24 мм",29500
A16.07.041.ZZZ.(047),Мембраны,808801,"Костная пластика челюстно-лицевой области : применение биорезорбируемой коллагеновой мембраны ""Geistlich Bio-Gide Perio"" 25х25мм",35500
A16.07.041.ZZZ.(032),Мембраны,808802,"Костная пластика челюстно-лицевой области : применение биорезорбируемой коллагеновой мембраны ""Geistlich Bio-Gide Compressed"" 20х30 мм",38500
A16.07.041.ZZZ.(089),Мембраны,808803,"Костная пластика челюстно-лицевой области : применение мембраны коллагеновой рассасывающейся Straumann Membrane Flex, размер: 15мм x 20мм",35500
A16.07.041.ZZZ.(090),Мембраны,808804,"Костная пластика челюстно-лицевой области : применение мембраны коллагеновой рассасывающейся Straumann Membrane Flex, размер: 20мм x 30мм",56500
A16.07.041.ZZZ.(097),Мембраны,808805,"Костная пластика челюстно-лицевой области : применение нерезорбируемой мембраной с титановым усилением ""Cytoplast"" 30х40",57500
A16.07.040.ZZZ.(011),Мембраны,808806,"Лоскутная операция в полости рта : применение мембраны биорезорбируемой коллагеновой защитной ""Mucograft"" 15х20 мм",46500
A16.07.040.ZZZ.(012),Мембраны,808807,"Лоскутная операция в полости рта : применение мембраны биорезорбируемой коллагеновой защитной ""Mucograft"" 20х30 мм",58500
A16.07.041.ZZZ.(087),Вспомогательные материалы,808900,"Костная пластика челюстно-лицевой области : применение материалов Emdogain 0,3 мл (30 мг/мл) и Straumann PrefGel 0,6 мл (24% EDTA)",39700
A16.07.041.ZZZ.(017),Вспомогательные материалы,808901,Костная пластика челюстно-лицевой области : применение титанового микровинта (1 единица),6400
A16.07.041.ZZZ.(002),Вспомогательные материалы,808902,Костная пластика челюстно-лицевой области: установка пина для фиксации мембраны (1 единица),4200
A16.07.041.ZZZ.(018),Вспомогательные материалы,808903,Костная пластика челюстно-лицевой области : применение костного скребка Micross / Safescraper,18000
A16.07.097.ZZZ,Манипуляции с мягкими тканями,809000,Наложение шва на слизистую оболочку рта,400
A16.30.069.ZZZ.(01),Манипуляции с мягкими тканями,809001,Снятие послеоперационных швов (лигатур),400
A16.07.026.ZZZ.(001),Манипуляции с мягкими тканями,809002,Гингивэктомия (в области 1го зуба),2500
A16.07.045.ZZZ.(003),Манипуляции с мягкими тканями,809003,Вестибулопластика: Иссечение тяжа (хирургический метод),4600
A16.30.084.ZZZ,Манипуляции с мягкими тканями,809004,"Пластика уздечки языка, нижней и верхней губы",8500
A17.07.003.ZZZ,Манипуляции с мягкими тканями,809005,Диатермокоагуляция при патологии полости рта и зубов,3700
A16.07.038.ZZZ,Манипуляции с мягкими тканями,809006,Открытый кюретаж при заболеваниях пародонта в области 1го зуба (с использованием операционного микроскопа),9600
А16.07.040.003,Манипуляции с мягкими тканями,809007,Лоскутная операция в полости рта с пластикой рецессии десны в области 1 зуба,13500
А16.07.040.004,Манипуляции с мягкими тканями,809008,Лоскутная операция в полости рта с пластикой рецессии десны с пересадкой мягкотканного трансплантата в области 1 зуба,24000
А16.07.040.005,Манипуляции с мягкими тканями,809009,Лоскутная операция в полости рта с пластикой рецессии десны с пересадкой мягкотканного трансплантата в области 2-3 зубов,39900
A16.07.045.ZZZ.(001),Манипуляции с мягкими тканями,809010,Вестибулопластика с воссозданием зоны прикрепленной десны в области 1-3 зубов или имплантатов,10500
A16.07.045.ZZZ.(002),Манипуляции с мягкими тканями,809011,Вестибулопластика с воссозданием зоны прикрепленной десны в области 4-6 зубов или имплантатов,15600
A16.07.054.ZZZ.(001),Дентальная имплантация,809100,Внутрикостная дентальная имплантация: установка имплантата Astra Tech (Швеция),79200
A16.07.054.ZZZ.(013),Дентальная имплантация,809101,Внутрикостная дентальная имплантация: установка заглушки дентального имплантата Astra Tech (Швеция),7800
A16.07.054.ZZZ.(022),Дентальная имплантация,809102,Внутрикостная дентальная имплантация: установка имплантата Straumann (Швейцария),70600
A16.07.054.ZZZ.(083),Дентальная имплантация,809103,Внутрикостная дентальная имплантация: установка заглушки дентального имплантата Straumann (Швейцария),5500
A16.07.054.ZZZ.(009),Дентальная имплантация,809104,Внутрикостная дентальная имплантация: установка импланта Osstem (Южная Корея),47800
A16.07.054.ZZZ.(005),Дентальная имплантация,809105,Внутрикостная дентальная имплантация: раскрытие дентального имплантата,10100
A16.07.054.ZZZ.(002),Дентальная имплантация,809106,Внутрикостная дентальная имплантация: установка формирователя десны на имплантат Astra Tech (Швеция),12400
A16.07.054.ZZZ.(072),Дентальная имплантация,809107,Внутрикостная дентальная имплантация: установка формирователя десны на имплантат Straumann (Швейцария),9600
A16.07.054.ZZZ.(010),Дентальная имплантация,809108,Внутрикостная дентальная имплантация: установка формирователя десны на имплантат Osstem (Южная Корея),6700
А16.07.054.005,Дентальная имплантация,809109,Внутрикостная дентальная имплантация ортодонтического имплантата,19300
A16.07.054.ZZZ.(011),Дентальная имплантация,809110,Внутрикостная дентальная имплантация: установка заживляющего колпачка на мультиюнит Astra Tech (Швеция),7100
A16.07.054.ZZZ.(018),Дентальная имплантация,809111,Внутрикостная дентальная имплантация: установка заживляющего колпачка на мультиюнит Straumann (Швейцария),7500
A16.07.054.ZZZ.(012),Дентальная имплантация,809112,Внутрикостная дентальная имплантация: установка заживляющего колпачка на мультиюнит Osstem (Южная Корея),4800
A16.07.048.ZZZ.(015),Общие манипуляции,810000,Ортодонтическая коррекция с применением брекет-систем: плановая активация брекет-системы в рамках разработанного лечения (1 зубной ряд),5500
A16.07.048.ZZZ.(016),Общие манипуляции,810001,Ортодонтическая коррекция с применением брекет-систем: плановый приём врача-ортодонта в рамках разработанного лечения,4800
A16.07.028.ZZZ.(002),Общие манипуляции,810002,Ортодонтическая коррекция: снятие ортодонтического аппарата,4500
A16.07.028.ZZZ.(083),Общие манипуляции,810003,Ортодонтическая коррекция: фиксация несъёмного ретейнера (1зуб),3200
A16.07.028.ZZZ.(003),Общие манипуляции,810004,Ортодонтическая коррекция: фиксация несъёмного ретейнера (до 6 зубов),8500
A16.07.048.ZZZ.(020),Общие манипуляции,810005,Ортодонтическая коррекция с применением брекет-систем: снятие ретейнеров (1 зубной ряд),8500
A16.07.025.ZZZ.(006),Общие манипуляции,810006,Избирательное пришлифовывание твердых тканей зуба (сепарация),2500
A16.07.048.ZZZ.(022),Общие манипуляции,810007,Ортодонтическая коррекция с применением брекет-систем: фиксация эластичной лигатуры,1000
A16.07.046.ZZZ.(004),Общие манипуляции,810008,Ортодонтическая коррекция несъемным ортодонтическим аппаратом: фиксация трубки (кнопки),1100
A16.07.047.ZZZ.(006),Общие манипуляции,810009,Ортодонтическая коррекция съемным ортодонтическим аппаратом: применение ретенционной каппы (1 челюсть),12900
A16.07.048.ZZZ.(001),Общие манипуляции,810010,Ортодонтическая коррекция с применением брекет-систем: активация брекет системы без смены ортодонтической дуги,4500
A16.07.048.ZZZ.(002),Общие манипуляции,810011,Ортодонтическая коррекция с применением брекет-систем: активация брекет системы со сменой ортодонтической дуги,8500
A16.07.048.ZZZ.(005),Общие манипуляции,810012,Ортодонтическая коррекция с применением брекет-систем: использование замка,1800
A16.07.048.ZZZ.(031),Общие манипуляции,810013,Ортодонтическая коррекция с применением брекет-систем: повторная фиксация 1го брекета,3000
A16.07.048.ZZZ.(032),Общие манипуляции,810014,"Ортодонтическая коррекция с применением брекет-систем: снятие брекет системы, обработка поверхности зубов (1 зуб)",1500
A23.07.001.001,Общие манипуляции,810015,Коррекция съемного ортодонического аппарата,2000
A23.07.001.002,Общие манипуляции,810016,Ремонт ортодонического аппарата,6700
A23.07.003.ZZZ,Общие манипуляции,810017,Припасовка и наложение ортодонтического аппарата,3000
A16.07.028.ZZZ.(001),Общие манипуляции,810018,Ортодонтическая коррекция брекет-системы с интервалом посещений 4 нед.,6500
A16.07.028.ZZZ.(013),Общие манипуляции,810019,Ортодонтическая коррекция: наложение дуги металлической,2000
A16.07.028.ZZZ.(004),Виды лечения (аппараты),810100,Ортодонтическая коррекция: лечение на ортодонтическом мини имплантате включая стоимость расходного материала (в области 1 зуба),35500
A16.07.028.ZZZ.(007),Виды лечения (аппараты),810101,Ортодонтическая коррекция: исправление аномалий прикуса и положения зубов с помощью двухчелюстных аппаратов,35000
A16.07.028.ZZZ.(008),Виды лечения (аппараты),810102,Ортодонтическая коррекция: исправление аномалий прикуса и положения зубов с помощью пластинки с винтом (на одной челюсти),21000
A16.07.028.ZZZ.(009),Виды лечения (аппараты),810103,Ортодонтическая коррекция: исправление аномалий прикуса и положения зубов с помощью простой пластинки (на одной челюсти),18500
A23.07.001.ZZZ.(007),Виды лечения (аппараты),810104,Услуги по обслуживанию ортодонтических аппаратов: изготовление пластинки (первичной),12000
A23.07.001.ZZZ.(008),Виды лечения (аппараты),810105,Услуги по обслуживанию ортодонтических аппаратов: изготовление пластинки с 1 винтом,14000
A23.07.001.ZZZ.(009),Виды лечения (аппараты),810106,Услуги по обслуживанию ортодонтических аппаратов: изготовление пластинки с 2 винтами,16000
A16.07.046.ZZZ.(003),Виды лечения (аппараты),810107,"Ортодонтическая коррекция несъемным ортодонтическим аппаратом: изготовление сложного двухчелюстного аппарата, регуляторов и различных модификаций функциональных аппаратов",27000
A23.07.002.065,Лечение с применением элайнеров,810200,Изготовление элайнера,11500
A16.07.047.ZZZ.(061),Лечение с применением элайнеров,810201,Ортодонтическая коррекция съемным ортодонтическим аппаратом: диагностика и планирование,34300
A16.07.047.ZZZ.(001),Лечение с применением элайнеров,810202,Ортодонтическая коррекция съемным ортодонтическим аппаратом: пакет Флексилайнер от 1 до 5 элайнеров,171200
A16.07.047.ZZZ.(002),Лечение с применением элайнеров,810203,Ортодонтическая коррекция съемным ортодонтическим аппаратом: пакет Флексилайнер от 6 до 10 элайнеров,267500
A16.07.047.ZZZ.(009),Лечение с применением элайнеров,810204,Ортодонтическая коррекция съемным ортодонтическим аппаратом: пакет Флексилайнер от 11 до 16 элайнеров,342400
A16.07.047.ZZZ.(010),Лечение с применением элайнеров,810205,Ортодонтическая коррекция съемным ортодонтическим аппаратом: пакет Флексилайнер от 17 до 32 элайнеров,385200
A16.07.047.ZZZ.(011),Лечение с применением элайнеров,810206,Ортодонтическая коррекция съемным ортодонтическим аппаратом: пакет Флексилайнер от от 33 элайнеров и без ограничения,406600
A16.07.048.ZZZ.(017),Лечение с применением брекет-систем,810300,Ортодонтическая коррекция с применением брекет-систем: прямая фиксация брекет-системы (1 челюсть),19500
A16.07.048.ZZZ.(024),Лечение с применением брекет-систем,810301,Ортодонтическая коррекция с применением брекет-систем: эстетические самолигирующиеся брекеты Clarity SL (1 зубной ряд),71700
A16.07.002.011.(030),Лечение с применением брекет-систем,810302,Ортодонтическая коррекция с применением брекет-систем: эстетические самолигирующиеся брекеты ASTAR Orthodonthics(1 зубной ряд),71700
A16.07.048..ZZZ.(007),Лечение с применением брекет-систем,810303,Ортодонтическая коррекция с применением брекет-систем: керамическая брекет-система Aspire (1 зубной ряд),54100
A16.07.048.ZZZ.(033),Лечение с применением брекет-систем,810304,Ортодонтическая коррекция с применением брекет-систем: брекет- систем Detntaurum Standart Edgewise(1 зубной ряд),37500
A16.07.047.ZZZ.(026),Лечение с применением брекет-систем,810305,Ортодонтическая коррекция c применением брекет-систем: фиксация металлической брекет-системы,26800
A16.07.047.ZZZ.(036),Лечение с применением брекет-систем,810306,Ортодонтическая коррекция c применением брекет-систем: фиксация керамической  брекет-системы,32100
A16.07.048.ZZZ.(019),Лечение с применением брекет-систем,810307,"Ортодонтическая коррекция с применением брекет-систем: снятие брекет системы, обработка поверхности зубов (1 зубной ряд)",15000
A16.07.048.ZZZ.(021),Лечение с применением брекет-систем,810308,Ортодонтическая коррекция с применением брекет-систем: фиксация частичной брекет-системы (замка) на моляр,1400
A16.07.048.ZZZ.(028),Лечение с применением брекет-систем,810309,Ортодонтическая коррекция с применением брекет-систем: дополнительный брекет металлический,5200
A16.07.048.ZZZ.(029),Лечение с применением брекет-систем,810310,Ортодонтическая коррекция с применением брекет-систем: дополнительный брекет керамический,5900
А16.07.082.200,Несъемное протезирование,810400,"Сошлифовывание твердых тканей зуба для последующего восстановления вкладкой, накладкой, полукоронкой, коронкой, виниром",3300
A23.07.002.ZZZ.(079),Фиксация,810500,Услуги по изготовлению ортопедической конструкции стоматологической: постоянная фиксация несъемной конструкции,2000
A23.07.002.ZZZ.(081),Фиксация,810501,"Услуги по изготовлению ортопедической конструкции стоматологической: фиксация безметалловой коронки, вкладки, винира",4000
A16.07.049.ZZZ,Фиксация,810502,Повторная фиксация на постоянный цемент несъемных ортопедических конструкций,3300
A16.07.004.ZZZ.(001),Фиксация,810503,Восстановление зуба коронкой: закрытие трансокклюзионной шахты винта в коронке композитным материалом,2200
A16.07.004.ZZZ.(011),Временное протезирование,810600,"Восстановление зуба коронкой временной, изготовленной клиническим путём",4500
A16.07.004.ZZZ.(009),Временное протезирование,810601,"Восстановление зуба вкладками, виниром, полукоронкой: винир временный, изготовленный клиническим путём",5000
A16.07.004.ZZZ.(012),Временное протезирование,810602,"Восстановление зуба коронкой временной, изготовленной лабораторным путём",8500
A16.07.004.ZZZ.(013),Временное протезирование,810603,Восстановление зуба коронкой временной композитной фрезерованной лабораторным методом,10500
A16.07.003.ZZZ.(005),Восстановление культи зуба,810700,"Восстановление зуба вкладками, виниром, полукоронкой: культевая вкладка из золотосодержащего сплава (без стоимости драгоценного сплава)",37500
A16.07.003.ZZZ.(008),Восстановление культи зуба,810701,"Восстановление зуба вкладками, виниром, полукоронкой: вкладка керамическая Emax",21400
A16.07.003.ZZZ.(007),Восстановление культи зуба,810702,"Восстановление зуба вкладками, виниром, полукоронкой: вкладка из диоксида циркония разборная",23600
A16.07.003.ZZZ.(006),Восстановление культи зуба,810703,"Восстановление зуба вкладками, виниром, полукоронкой: вкладка из диоксида циркония",23600
A16.07.003.ZZZ.(009),Восстановление культи зуба,810704,"Восстановление зуба вкладками, виниром, полукоронкой: вкладка культевая КХС (Co-Cr)",9700
A16.07.003.ZZZ.(010),Восстановление культи зуба,810705,"Восстановление зуба вкладками, виниром, полукоронкой: вкладка культевая КХС (Co-Cr) разборная",14000
A16.07.004.ZZZ.(002),Безметалловое протезирование,810800,Восстановление зуба коронкой безметалловой высокой эстетики Emax,58900
A16.07.004.ZZZ.(017),Безметалловое протезирование,810801,Восстановление зуба коронкой керамической на диоксиде циркония (методом послойного нанесения керамики),48200
A16.07.004.ZZZ.(003),Безметалловое протезирование,810802,Восстановление зуба коронкой керамической на диоксиде циркония,37500
A16.07.003.ZZZ.(002),Безметалловое протезирование,810803,"Восстановление зуба вкладками, виниром, полукоронкой: винир керамический (методом послойного нанесения керамики)",58900
A16.07.003.ZZZ.(003),Безметалловое протезирование,810804,"Восстановление зуба вкладками, виниром, полукоронкой: винир керамический из материала Emax",37500
A16.07.003.ZZZ.(004),Безметалловое протезирование,810805,"Восстановление зуба вкладками, виниром, полукоронкой: винир керамический (методом окрашивания)",26800
A16.07.004.ZZZ.,Металлокерамическое протезирование,810900,Восстановление зуба коронкой,16100
A16.07.004.ZZZ.(005),Металлокерамическое протезирование,810901,Восстановление зуба коронкой металлокерамической КХС (Co-Cr),16100
A16.07.004.ZZZ.(006),Металлокерамическое протезирование,810902,"Восстановление зуба коронкой металлокерамической, изготовленной методом сканирования (CAD CAM)",21400
A16.07.004.ZZZ.(004),Металлокерамическое протезирование,810903,Восстановление зуба коронкой на драгоценном металле (без стоимости драгоценного сплава),48200
A23.07.002.ZZZ.(085),Услуги,811000,Услуги по изготовлению ортопедической конструкции стоматологической: коррекция протеза,2500
A23.07.002.ZZZ.(086),Услуги,811001,Услуги по изготовлению ортопедической конструкции стоматологической: перебазировка съемного протеза клиническим методом,8500
A23.07.002.034,Услуги,811002,Услуги по изготовлению ортопедической конструкции стоматологической: перебазировка съемного протеза лабораторным методом,11500
A16.07.023.ZZZ.(005),Услуги,811003,Услуги по изготовлению ортопедической конструкции стоматологической: армирование полного съемного пластиночного протеза,12500
A23.07.002.039,Услуги,811004,Услуги по изготовлению ортопедической конструкции стоматологической: изготовление эластической прокладки (лабораторный метод),8800
A23.07.002.035,Услуги,811005,Услуги по изготовлению ортопедической конструкции стоматологической: приварка кламмера,4500
A23.07.002.036,Услуги,811006,Услуги по изготовлению ортопедической конструкции стоматологической: приварка зуба,5500
A23.07.002.037,Услуги,811007,Услуги по изготовлению ортопедической конструкции стоматологической: починка перелома базиса самотвердеющей пластмассой,9500
A23.07.002.ZZZ.(083),Услуги,811008,Услуги по изготовлению ортопедической конструкции стоматологической: замена матрицы в бюгельном протезе,6000
A23.07.002.ZZZ.(087),Услуги,811009,Услуги по изготовлению ортопедической конструкции стоматологической: замена втулки аттачмента,5500
A23.07.002.ZZZ(088),Услуги,811010,Услуги по изготовлению ортопедической конструкции стоматологической: чистка протеза,5500
A16.07.023.ZZZ.(001),Виды съемного протезирования,811100,Протезирование зубов полными съемными пластиночными протезами из безакриловой пластмассы,42800
A16.07.023.ZZZ.(002),Виды съемного протезирования,811101,Протезирование зубов полными съемными пластиночными протезами,34500
A16.07.023.ZZZ.(004),Виды съемного протезирования,811102,Протезирование зубов полными съемными пластиночными протезами (иммедиат-протез),27300
A16.07.035.ZZZ.(003),Виды съемного протезирования,811103,Протезирование частичными съемными пластиночными протезами из безакриловой пластмассы,32100
A16.07.035.ZZZ.(001),Виды съемного протезирования,811104,Протезирование частичными съемными пластиночными протезами,28400
A16.07.035.ZZZ.(002),Виды съемного протезирования,811105,Протезирование частичными съемными пластиночными протезами (иммедиат- протез),22800
A23.07.002.009,Виды съемного протезирования,811106,Изготовление съемного протеза из термопластического материала до 2-х зубов,13600
A23.07.002.053,Виды бюгельного протезирования,811200,Изготовление коронки бюгельной,19300
A16.07.036.ZZZ.,Виды бюгельного протезирования,811201,Протезирование съемными бюгельными протезами,48100
A16.07.036.ZZZ.(002),Виды бюгельного протезирования,811202,Протезирование съемными бюгельными протезами с двумя замками,75800
A16.07.036.ZZZ.(003),Виды бюгельного протезирования,811203,Протезирование съемными бюгельными протезами с опорноудерживающими кламмерами,59100
A16.07.036.ZZZ.(004),Виды бюгельного протезирования,811204,Протезирование съемными бюгельными протезами: шинирующий протез,75800
A16.07.036.ZZZ.(005),Виды бюгельного протезирования,811205,Протезирование съемными бюгельными протезами с одним замком,53700
A16.07.006.ZZZ.(052),ТРАНСФЕРЫ,811300,Протезирование зуба с использованием имплантата: применение трансфер чека,1700
A16.07.006.ZZZ.(001),ТРАНСФЕРЫ,811301,Протезирование зуба с использованием имплантата: использование слепочного трансфера Astra Tech (Швеция),5400
A16.07.006.ZZZ.(002),ТРАНСФЕРЫ,811302,Протезирование зуба с использованием имплантата: использование слепочного трансфера Straumann (Швейцария),4900
A16.07.006.ZZZ.(003),ТРАНСФЕРЫ,811303,Протезирование зуба с использованием имплантата: использование слепочного трансфера Osstem (Южная Корея),4100
A16.07.006.ZZZ.(004),ТРАНСФЕРЫ,811304,Протезирование зуба с использованием имплантата: использование слепочного трансфера мультиюнита Medentika (Германия),4300
A16.07.006.ZZZ.(005),ТРАНСФЕРЫ,811305,Протезирование зуба с использованием имплантата: использование слепочного трансфера мультиюнита Straumann (Швейцария),5400
A16.07.006.ZZZ.(006),ТРАНСФЕРЫ,811306,Протезирование зуба с использованием имплантата: использование слепочного трансфера мультиюнита Osstem (Южная Корея),4100
A16.07.006.ZZZ.(007),ТРАНСФЕРЫ,811307,Протезирование зуба с использованием имплантата: использование абатмента для сканирования Medentika (Германия),4300
A16.07.006.ZZZ.(048),ТРАНСФЕРЫ,811308,Протезирование зуба с использованием имплантата: использование абатмента для сканирования Straumann (Швейцария),5400
A16.07.006.ZZZ.(009),ТРАНСФЕРЫ,811309,Протезирование зуба с использованием имплантата: использование абатмента для сканирования Osstem (Южная Корея),5400
A16.07.006.ZZZ.(110),АНАЛОГИ,811400,Протезирование зуба с использованием имплантата: использование аналога имлантата Astra Tech (Швеция),3300
A16.07.006.ZZZ.(111),АНАЛОГИ,811401,Протезирование зуба с использованием имплантата: использование аналога имлантата Straumann (Швейцария),4300
A16.07.006.ZZZ.(112),АНАЛОГИ,811402,Протезирование зуба с использованием имплантата: использование аналога имлантата Osstem (Южная Корея),2800
A16.07.006.ZZZ.(113),АНАЛОГИ,811403,Протезирование зуба с использованием имплантата: использование аналога мультиюнита Medentika (Германия),2700
A16.07.006.ZZZ.(114),АНАЛОГИ,811404,Протезирование зуба с использованием имплантата: использование аналога мультиюнита Straumann (Швейцария),4300
A16.07.006.ZZZ.(115),АНАЛОГИ,811405,Протезирование зуба с использованием имплантата: использование аналога мультиюнита Osstem (Южная Корея),2800
A16.07.006.ZZZ.(116),АНАЛОГИ,811406,Протезирование зуба с использованием имплантата: использование цифрового аналога Medentika (Германия),2700
A16.07.006.ZZZ.(117),АНАЛОГИ,811407,Протезирование зуба с использованием имплантата: использование цифрового аналога Straumann (Швейцария),4300
A16.07.006.ZZZ.(118),АНАЛОГИ,811408,Протезирование зуба с использованием имплантата: использование цифрового аналога Osstem (Южная Корея),3000
A16.07.006.ZZZ.(119),МУЛЬТИЮНИТ-АБАТМЕНТЫ,811500,Протезирование зуба с использованием имплантата: использование прямого мультиюнит абатмента Medentika (Германия),5900
A16.07.006.ZZZ.(120),МУЛЬТИЮНИТ-АБАТМЕНТЫ,811501,Протезирование зуба с использованием имплантата: использование прямого мультиюнит абатмента Straumann (Швейцария),8100
A16.07.006.ZZZ.(021),МУЛЬТИЮНИТ-АБАТМЕНТЫ,811502,Протезирование зуба с использованием имплантата: использование прямого мультиюнит абатмента Osstem (Южная Корея),7300
A16.07.006.ZZZ.(022),МУЛЬТИЮНИТ-АБАТМЕНТЫ,811503,Протезирование зуба с использованием имплантата: использование углового мультиюнит абатмента Medentika (Германия),6600
A16.07.006.ZZZ.(123),МУЛЬТИЮНИТ-АБАТМЕНТЫ,811504,Протезирование зуба с использованием имплантата: использование углового мультиюнит абатмента Straumann (Швейцария),8100
A16.07.006.ZZZ.(024),МУЛЬТИЮНИТ-АБАТМЕНТЫ,811505,Протезирование зуба с использованием имплантата: использование углового мультиюнит абатмента Osstem (Южная Корея),8000
A16.07.006.ZZZ.(025),ВРЕМЕННЫЕ АБАТМЕНТЫ,811600,Протезирование зуба с использованием имплантата: использование временного абатмента Astra Tech (Швеция),5400
A16.07.006.ZZZ.(026),ВРЕМЕННЫЕ АБАТМЕНТЫ,811601,Протезирование зуба с использованием имплантата: использование временного абатмента Straumann (Швейцария),6700
A16.07.006.ZZZ.(127),ВРЕМЕННЫЕ АБАТМЕНТЫ,811602,Протезирование зуба с использованием имплантата: использование временного абатмента Osstem (Южная Корея),4500
A16.07.006.ZZZ.(028),ПОСТОЯННЫЕ АБАТМЕНТЫ,811700,Протезирование зуба с использованием имплантата: использование титанового абатмента Astra Tech (Швеция),6500
A16.07.006.ZZZ.(029),ПОСТОЯННЫЕ АБАТМЕНТЫ,811701,Протезирование зуба с использованием имплантата: использование титанового абатмента Straumann (Швейцария),9700
A16.07.006.ZZZ.(130),ПОСТОЯННЫЕ АБАТМЕНТЫ,811702,Протезирование зуба с использованием имплантата: использование титанового абатмента Osstem (Южная Корея),7800
A16.07.006.ZZZ.(131),ТИТАНОВЫЕ ОСНОВАНИЯ,811800,Протезирование зуба с использованием имплантата: использование титанового основания Medentika (Германия),4900
A16.07.006.ZZZ.(132),ТИТАНОВЫЕ ОСНОВАНИЯ,811801,Протезирование зуба с использованием имплантата: использование титанового основания  Straumann (Швейцария),4900
A16.07.006.ZZZ.(033),ТИТАНОВЫЕ ОСНОВАНИЯ,811802,Протезирование зуба с использованием имплантата: использование титанового основания  Osstem (Южная Корея),5000
A16.07.006.ZZZ.(034),ТИТАНОВЫЕ ОСНОВАНИЯ,811900,Протезирование зуба с использованием имплантата: использование клинического винта Astra Tech (Швеция),2200
A16.07.006.ZZZ.(035),ТИТАНОВЫЕ ОСНОВАНИЯ,811901,Протезирование зуба с использованием имплантата: использование клинического винта Medentika (Германия),2200
A16.07.006.ZZZ.(036),ТИТАНОВЫЕ ОСНОВАНИЯ,811902,Протезирование зуба с использованием имплантата: использование клинического винта Straumann (Швейцария),2200
A16.07.006.ZZZ.(037),ТИТАНОВЫЕ ОСНОВАНИЯ,811903,Протезирование зуба с использованием имплантата: использование клинического винта  Osstem (Южная Корея),3600
A16.07.006.ZZZ.(138),ДЛЯ СЪЕМНОГО ПРОТЕЗИРОВАНИЯ,812000,Протезирование зуба с использованием имплантата: использование абатмента шаровидного на имплантат Astra Tech (Швеция),16100
A16.07.006.ZZZ.(039),ДЛЯ СЪЕМНОГО ПРОТЕЗИРОВАНИЯ,812001,Протезирование зуба с использованием имплантата: использование абатмента шаровидного на имплантат Straumann (Швейцария),16100
A16.07.006.ZZZ.(040),ДЛЯ СЪЕМНОГО ПРОТЕЗИРОВАНИЯ,812002,Протезирование зуба с использованием имплантата: использование абатмента шаровидного на имплантат  Osstem (Южная Корея),13700
A16.07.006.ZZZ.(041),ДЛЯ СЪЕМНОГО ПРОТЕЗИРОВАНИЯ,812003,Протезирование зуба с использованием имплантата: использование локатор-абатмента Medentika (Германия),8600
A16.07.006.ZZZ.(042),ДЛЯ СЪЕМНОГО ПРОТЕЗИРОВАНИЯ,812004,Протезирование зуба с использованием имплантата: использование локатор-абатмента Straumann (Швейцария),10700
A16.07.006.ZZZ.(043),ДЛЯ СЪЕМНОГО ПРОТЕЗИРОВАНИЯ,812005,Протезирование зуба с использованием имплантата: использование локатор-абатмента Osstem (Южная Корея),9900
A16.07.006.ZZZ.(044),ДЛЯ СЪЕМНОГО ПРОТЕЗИРОВАНИЯ,812006,Протезирование зуба с использованием имплантата: использование матриц Medentika (Германия),8100
A16.07.006.ZZZ.(045),ДЛЯ СЪЕМНОГО ПРОТЕЗИРОВАНИЯ,812007,Протезирование зуба с использованием имплантата: использование матриц Straumann (Швейцария),8100
A16.07.006.ZZZ.(046),ДЛЯ СЪЕМНОГО ПРОТЕЗИРОВАНИЯ,812008,Протезирование зуба с использованием имплантата: использование матриц Osstem (Южная Корея),8200
A16.07.006.ZZZ.(012),Временное протезирование с опорой на дентальные имплантаты,812100,Протезирование зуба с использованием имплантата: коронка временная на имплантат,8600
A16.07.006.ZZZ.(013),Временное протезирование с опорой на дентальные имплантаты,812101,Протезирование зуба с использованием имплантата: коронка временная пластмассовая CAD/CAM на имплантат,16100
A16.07.006.ZZZ.(011),Цементируемое протезирование с опорой на дентальные имплантаты,812200,Протезирование зуба с использованием имплантата: абатмент титановый фрезерованный по технологии CAD/CAM,16100
A16.07.006.ZZZ.(010),Цементируемое протезирование с опорой на дентальные имплантаты,812201,Протезирование зуба с использованием имплантата: абатмент из диоксида циркония по технологии CAD/CAM,26800
A16.07.006.ZZZ.(015),Цементируемое протезирование с опорой на дентальные имплантаты,812202,Протезирование зуба с использованием имплантата: коронка металлокерамическая с опорой на имплантат,21400
A16.07.006.ZZZ.(017),Цементируемое протезирование с опорой на дентальные имплантаты,812203,Протезирование зуба с использованием имплантата: коронка из диоксида циркония на имплантат методом окрашивания по технологии CAD/CAM,21400
A16.07.006.ZZZ.(016),Цементируемое протезирование с опорой на дентальные имплантаты,812204,Протезирование зуба с использованием имплантата: коронка керамическая на каркасе из диоксид циркония с опорой на имплантат,26800
A16.07.006.ZZZ.(018),Цементируемое протезирование с опорой на дентальные имплантаты,812205,Протезирование зуба с использованием имплантата: коронка из диоксида циркония на имплантат методом послойного нанесения с индивидуальной эстетикой,58900
A16.07.006.ZZZ.(008),Винтовое протезирование с опорой на дентальные имплантаты,812300,Протезирование зуба с использованием имплантата: титановое основание стандартное,9000
A16.07.006.ZZZ.(019),Винтовое протезирование с опорой на дентальные имплантаты,812301,Протезирование зуба с использованием имплантата: коронка металлокерамическая на имплантат с винтовой фиксацией,26800
A16.07.006.ZZZ.(020),Винтовое протезирование с опорой на дентальные имплантаты,812302,Протезирование зуба с использованием имплантата: коронка из диоксида циркония на имплантат методом окрашивания по технологии CAD/CAM с винтовой фиксацией,37500
A16.07.006.ZZZ.(014),Винтовое протезирование с опорой на дентальные имплантаты,812303,Протезирование зуба с использованием имплантата: коронка керамическая безметалловая на имплантат с винтовой фиксацией с индивидуальной эстетикой,58900
A16.07.006.ZZZ.(027),Условносъемное протезирование с опорой на дентальные имплантаты,812400,Протезирование зуба с использованием имплантата: установка съемного протеза на имплантаты с 2 шаровидными абатментами,96300
A16.07.006.ZZZ.(030),Условносъемное протезирование с опорой на дентальные имплантаты,812401,Протезирование зуба с использованием имплантата: установка условно-съемного протеза на имплантаты (all-on-4),224700
A16.07.006.ZZZ.(038),Условносъемное протезирование с опорой на дентальные имплантаты,812402,Протезирование зуба с использованием имплантата: установка условно-съемного протеза на имплантаты (all-on-6),278200
A16.07.006.022,Условносъемное протезирование с опорой на дентальные имплантаты,812403,Протезирование зуба с использованием имплантата: установка металлопластмассового протеза (фрезерованная балка) на 4-х имплантатах,224700
A16.07.006.ZZZ.(023),Условносъемное протезирование с опорой на дентальные имплантаты,812404,Протезирование зуба с использованием имплантата: установка металлопластмассового протеза (литая балка) на 4-х имплантатах,171200
A16.07.006.ZZZ.(031),Условносъемное протезирование с опорой на дентальные имплантаты,812405,Протезирование зуба с использованием имплантата: фрезерованная балка из диоксида циркония на 6 опорах с коронками из диоксида циркония,449400
A16.07.006.ZZZ.(032),Условносъемное протезирование с опорой на дентальные имплантаты,812406,Протезирование зуба с использованием имплантата: фрезерованная балка из диоксида циркония на 8 опорах с коронками из диоксида циркония,492200
A13.30.007.001,Детская стоматология,812500,Обучение гигиене полости рта у ребенка,1800
A16.07.001.ZZZ.(011),Детская стоматология,812501,"Удаление временного зуба (в период физиологической смены, подвижного)",1300
A16.07.001.ZZZ.(012),Детская стоматология,812502,Удаление временного зуба (простое),1300
A16.07.001.ZZZ.(013),Детская стоматология,812503,Удаление временного зуба (сложное),2000
A16.07.001.ZZZ.(014),Детская стоматология,812504,Удаление временного зуба (многокорневого в стадии обострения),2700
A16.07.001.ZZZ.(015),Детская стоматология,812505,Удаление временного зуба (многокорневого сложное),3000
A16.07.002.ZZZ.(021),Детская стоматология,812506,"Восстановление зуба пломбой I, II, III, V, VI класс по Блэку с использованием стоматологических цементов в детской стоматологии",4500
A16.07.002.ZZZ.(022),Детская стоматология,812507,"Восстановление зуба пломбой I, V, VI класс по Блэку с использованием материалов из фотополимеров в детской стоматологии",5100
A16.07.002.ZZZ.(023),Детская стоматология,812508,"Восстановление зуба пломбой I, V, VI класс по Блэку с использованием материалов из фотополимеров (Dyract 1)",4900
A16.07.002.ZZZ.(024),Детская стоматология,812509,"Восстановление зуба пломбой I, V, VI класс по Блэку с использованием материалов из фотополимеров (TWINKY STAR)",4900
A16.07.002.ZZZ.(025),Детская стоматология,812510,"Восстановление зуба пломбой I, V, VI класс по Блэку с использованием материалов из фотополимеров (временный зуб)",4500
A16.07.002.ZZZ.(026),Детская стоматология,812511,"Восстановление зуба пломбой I, V, VI класс по Блэку с использованием материалов из фотополимеров (постоянный зуб)",4900
A16.07.002.ZZZ.(027),Детская стоматология,812512,Восстановление зуба пломбой IV класс по Блэку с использованием материалов из фотополимеров в детской стоматологии,4900
A16.07.002.ZZZ.(028),Детская стоматология,812513,Восстановление зуба пломбой IV класс по Блэку с использованием материалов из фотополимеров (для постоянных зубов),5500
A16.07.002.ZZZ.(029),Детская стоматология,812514,Восстановление зуба пломбой IV класс по Блэку с использованием материалов из фотополимеров (Эстетическая реставрация зуба пациента детского возраста),7000
A16.07.002.ZZZ.(030),Детская стоматология,812515,Восстановление зуба пломбой IV класс по Блэку с использованием стеклоиномерных цементов в детский стоматологии,3900
A16.07.002.ZZZ.(031),Детская стоматология,812516,"Восстановление зуба пломбой с нарушением контактного пункта II, III класс по Блэку с использованием материалов из фотополимеров в детской стоматологии",3900
A16.07.002.ZZZ.(032),Детская стоматология,812517,"Восстановление зуба пломбой с нарушением контактного пункта II, III класс по Блэку с использованием материалов из фотополимеров (TWINKY STAR)",3200
A16.07.002.ZZZ.(033),Детская стоматология,812518,"Восстановление зуба пломбой с нарушением контактного пункта II, III класс по Блэку с использованием материалов из фотополимеров (для постоянных зубов)",5100
A16.07.002.ZZZ.(034),Детская стоматология,812519,"Наложение временной пломбы (с использованием материалов из фотополимеров, или стеклоиономерного цемента)",800
A16.07.002.ZZZ.(035),Детская стоматология,812520,"Наложение временной пломбы (изолирующей прокладки Dycal, Vitremer, Vitrebond, Fudji)",800
A16.07.008.ZZZ.(006),Детская стоматология,812521,Пломбирование одного корневого канала зуба гуттаперчевыми штифтами на основе гуттасилера,1100
A16.07.008.ZZZ.(007),Детская стоматология,812522,Пломбирование одного корневого канала зуба гуттаперчевыми штифтами на основе силера: AH+,1300
A16.07.008.ZZZ.(008),Детская стоматология,812523,"Пломбирование одного корневого канала зуба пастой Форедент, цинкоксид-эвгеноловой, эндометазоновой пастой",800
A16.07.009.ZZZ.(001),Детская стоматология,812524,"Пульпотомия (ампутация коронковой пульпы) (ProRoot MTA, Biodentine)",5200
A16.07.009.ZZZ.(002),Детская стоматология,812525,Пульпотомия (ампутация коронковой пульпы) (наложение биосовместимого материала),4100
A16.07.009.ZZZ.(003),Детская стоматология,812526,Пульпотомия (ампутация коронковой пульпы) (наложение резорцин-формалиновой смеси),3000
A16.30.084.ZZZ.(001),Детская стоматология,812527,"Пластика уздечки языка, нижней и верхней губы в детской стоматологии",6700
A16.07.044.ZZZ.(001),Детская стоматология,812528,Пластика уздечки языка (у новорожденного),5000
A16.07.051.ZZZ.(003),Детская стоматология,812529,"Профессиональная гигиена полости рта и зубов (временный, сменный прикус)",5200
A16.07.051(004),Детская стоматология,812530,Профессиональная гигиена полости рта и зубов (постоянный прикус),6400
A16.07.057.ZZZ.(002),Детская стоматология,812531,Запечатывание фиссуры зуба герметиком (инвазивная - с препарированием),3900
A16.07.057.ZZZ.(003),Детская стоматология,812532,Запечатывание фиссуры зуба герметиком (неинвазивная - без препарирования),3000
A16.07.057.ZZZ.(004),Детская стоматология,812533,"Запечатывание фиссуры зуба герметиком (временного зуба, молочного моляра)",2000
A16.30.ZZZ.(086),Детская стоматология,812534,Лечение кариеса с применением неинвазивной технологии Айкон,4900
A16.07.004.ZZZ.(019),Детская стоматология,812535,Покрытие педиатрическими  полосками коронки 3M ™ ESPE ™ (1 зуб),4300
A16.07.004.ZZZ.(018),Детская стоматология,812536,Восстановление молочного зуба индивидуальной эстетической коронкой,10500
A16.07.004.ZZZ.(020),Детская стоматология,812537,Покрытие временных зубов 3M Stainless Steel Crowns Коронками из нержавеющей стали,4300
A16.07.001.ZZZ.(016),Детская стоматология,812538,Удаление корня молочного зуба,1100
A15.07.002.002,Детская стоматология,812539,Перевязка после хирургических вмешательств в полости рта,900
A16.30.032.ZZZ.(008),Детская стоматология,812540,Иссечение новообразований на слизистой и мягких тканях полости рта ( с последующим гистологическим исследованием),5200
A11.30.ZZZ.(085),Детская стоматология,812541,Покрытие временных зубов Saforide ( 1 зуб),1100
A16.07.010.ZZZ.(001),Детская стоматология,812542,"Раскрытие полости зуба, эвакуация распада пульпы (периодонтит 1 сеанс)",2000
